--
-- PostgreSQL database dump
--

-- Dumped from database version 17.0
-- Dumped by pg_dump version 17.0

SET statement_timeout = 0;
SET lock_timeout = 0;
SET idle_in_transaction_session_timeout = 0;
SET transaction_timeout = 0;
SET client_encoding = 'UTF8';
SET standard_conforming_strings = on;
SELECT pg_catalog.set_config('search_path', '', false);
SET check_function_bodies = false;
SET xmloption = content;
SET client_min_messages = warning;
SET row_security = off;

SET default_tablespace = '';

SET default_table_access_method = heap;

--
-- Name: auth_group; Type: TABLE; Schema: public; Owner: postgres
--

CREATE TABLE public.auth_group (
    id integer NOT NULL,
    name character varying(150) NOT NULL
);


ALTER TABLE public.auth_group OWNER TO postgres;

--
-- Name: auth_group_id_seq; Type: SEQUENCE; Schema: public; Owner: postgres
--

ALTER TABLE public.auth_group ALTER COLUMN id ADD GENERATED BY DEFAULT AS IDENTITY (
    SEQUENCE NAME public.auth_group_id_seq
    START WITH 1
    INCREMENT BY 1
    NO MINVALUE
    NO MAXVALUE
    CACHE 1
);


--
-- Name: auth_group_permissions; Type: TABLE; Schema: public; Owner: postgres
--

CREATE TABLE public.auth_group_permissions (
    id bigint NOT NULL,
    group_id integer NOT NULL,
    permission_id integer NOT NULL
);


ALTER TABLE public.auth_group_permissions OWNER TO postgres;

--
-- Name: auth_group_permissions_id_seq; Type: SEQUENCE; Schema: public; Owner: postgres
--

ALTER TABLE public.auth_group_permissions ALTER COLUMN id ADD GENERATED BY DEFAULT AS IDENTITY (
    SEQUENCE NAME public.auth_group_permissions_id_seq
    START WITH 1
    INCREMENT BY 1
    NO MINVALUE
    NO MAXVALUE
    CACHE 1
);


--
-- Name: auth_permission; Type: TABLE; Schema: public; Owner: postgres
--

CREATE TABLE public.auth_permission (
    id integer NOT NULL,
    name character varying(255) NOT NULL,
    content_type_id integer NOT NULL,
    codename character varying(100) NOT NULL
);


ALTER TABLE public.auth_permission OWNER TO postgres;

--
-- Name: auth_permission_id_seq; Type: SEQUENCE; Schema: public; Owner: postgres
--

ALTER TABLE public.auth_permission ALTER COLUMN id ADD GENERATED BY DEFAULT AS IDENTITY (
    SEQUENCE NAME public.auth_permission_id_seq
    START WITH 1
    INCREMENT BY 1
    NO MINVALUE
    NO MAXVALUE
    CACHE 1
);


--
-- Name: auth_user; Type: TABLE; Schema: public; Owner: postgres
--

CREATE TABLE public.auth_user (
    id integer NOT NULL,
    password character varying(128) NOT NULL,
    last_login timestamp with time zone,
    is_superuser boolean NOT NULL,
    username character varying(150) NOT NULL,
    first_name character varying(150) NOT NULL,
    last_name character varying(150) NOT NULL,
    email character varying(254) NOT NULL,
    is_staff boolean NOT NULL,
    is_active boolean NOT NULL,
    date_joined timestamp with time zone NOT NULL
);


ALTER TABLE public.auth_user OWNER TO postgres;

--
-- Name: auth_user_groups; Type: TABLE; Schema: public; Owner: postgres
--

CREATE TABLE public.auth_user_groups (
    id bigint NOT NULL,
    user_id integer NOT NULL,
    group_id integer NOT NULL
);


ALTER TABLE public.auth_user_groups OWNER TO postgres;

--
-- Name: auth_user_groups_id_seq; Type: SEQUENCE; Schema: public; Owner: postgres
--

ALTER TABLE public.auth_user_groups ALTER COLUMN id ADD GENERATED BY DEFAULT AS IDENTITY (
    SEQUENCE NAME public.auth_user_groups_id_seq
    START WITH 1
    INCREMENT BY 1
    NO MINVALUE
    NO MAXVALUE
    CACHE 1
);


--
-- Name: auth_user_id_seq; Type: SEQUENCE; Schema: public; Owner: postgres
--

ALTER TABLE public.auth_user ALTER COLUMN id ADD GENERATED BY DEFAULT AS IDENTITY (
    SEQUENCE NAME public.auth_user_id_seq
    START WITH 1
    INCREMENT BY 1
    NO MINVALUE
    NO MAXVALUE
    CACHE 1
);


--
-- Name: auth_user_user_permissions; Type: TABLE; Schema: public; Owner: postgres
--

CREATE TABLE public.auth_user_user_permissions (
    id bigint NOT NULL,
    user_id integer NOT NULL,
    permission_id integer NOT NULL
);


ALTER TABLE public.auth_user_user_permissions OWNER TO postgres;

--
-- Name: auth_user_user_permissions_id_seq; Type: SEQUENCE; Schema: public; Owner: postgres
--

ALTER TABLE public.auth_user_user_permissions ALTER COLUMN id ADD GENERATED BY DEFAULT AS IDENTITY (
    SEQUENCE NAME public.auth_user_user_permissions_id_seq
    START WITH 1
    INCREMENT BY 1
    NO MINVALUE
    NO MAXVALUE
    CACHE 1
);


--
-- Name: authtoken_token; Type: TABLE; Schema: public; Owner: postgres
--

CREATE TABLE public.authtoken_token (
    key character varying(40) NOT NULL,
    created timestamp with time zone NOT NULL,
    user_id integer NOT NULL
);


ALTER TABLE public.authtoken_token OWNER TO postgres;

--
-- Name: django_admin_log; Type: TABLE; Schema: public; Owner: postgres
--

CREATE TABLE public.django_admin_log (
    id integer NOT NULL,
    action_time timestamp with time zone NOT NULL,
    object_id text,
    object_repr character varying(200) NOT NULL,
    action_flag smallint NOT NULL,
    change_message text NOT NULL,
    content_type_id integer,
    user_id integer NOT NULL,
    CONSTRAINT django_admin_log_action_flag_check CHECK ((action_flag >= 0))
);


ALTER TABLE public.django_admin_log OWNER TO postgres;

--
-- Name: django_admin_log_id_seq; Type: SEQUENCE; Schema: public; Owner: postgres
--

ALTER TABLE public.django_admin_log ALTER COLUMN id ADD GENERATED BY DEFAULT AS IDENTITY (
    SEQUENCE NAME public.django_admin_log_id_seq
    START WITH 1
    INCREMENT BY 1
    NO MINVALUE
    NO MAXVALUE
    CACHE 1
);


--
-- Name: django_content_type; Type: TABLE; Schema: public; Owner: postgres
--

CREATE TABLE public.django_content_type (
    id integer NOT NULL,
    app_label character varying(100) NOT NULL,
    model character varying(100) NOT NULL
);


ALTER TABLE public.django_content_type OWNER TO postgres;

--
-- Name: django_content_type_id_seq; Type: SEQUENCE; Schema: public; Owner: postgres
--

ALTER TABLE public.django_content_type ALTER COLUMN id ADD GENERATED BY DEFAULT AS IDENTITY (
    SEQUENCE NAME public.django_content_type_id_seq
    START WITH 1
    INCREMENT BY 1
    NO MINVALUE
    NO MAXVALUE
    CACHE 1
);


--
-- Name: django_migrations; Type: TABLE; Schema: public; Owner: postgres
--

CREATE TABLE public.django_migrations (
    id bigint NOT NULL,
    app character varying(255) NOT NULL,
    name character varying(255) NOT NULL,
    applied timestamp with time zone NOT NULL
);


ALTER TABLE public.django_migrations OWNER TO postgres;

--
-- Name: django_migrations_id_seq; Type: SEQUENCE; Schema: public; Owner: postgres
--

ALTER TABLE public.django_migrations ALTER COLUMN id ADD GENERATED BY DEFAULT AS IDENTITY (
    SEQUENCE NAME public.django_migrations_id_seq
    START WITH 1
    INCREMENT BY 1
    NO MINVALUE
    NO MAXVALUE
    CACHE 1
);


--
-- Name: django_session; Type: TABLE; Schema: public; Owner: postgres
--

CREATE TABLE public.django_session (
    session_key character varying(40) NOT NULL,
    session_data text NOT NULL,
    expire_date timestamp with time zone NOT NULL
);


ALTER TABLE public.django_session OWNER TO postgres;

--
-- Name: practice_shop_banktransferpayment; Type: TABLE; Schema: public; Owner: postgres
--

CREATE TABLE public.practice_shop_banktransferpayment (
    id bigint NOT NULL,
    account_name character varying(100) NOT NULL,
    account_number character varying(20) NOT NULL,
    bank_name character varying(100) NOT NULL,
    order_id bigint NOT NULL
);


ALTER TABLE public.practice_shop_banktransferpayment OWNER TO postgres;

--
-- Name: practice_shop_banktransferpayment_id_seq; Type: SEQUENCE; Schema: public; Owner: postgres
--

ALTER TABLE public.practice_shop_banktransferpayment ALTER COLUMN id ADD GENERATED BY DEFAULT AS IDENTITY (
    SEQUENCE NAME public.practice_shop_banktransferpayment_id_seq
    START WITH 1
    INCREMENT BY 1
    NO MINVALUE
    NO MAXVALUE
    CACHE 1
);


--
-- Name: practice_shop_category; Type: TABLE; Schema: public; Owner: postgres
--

CREATE TABLE public.practice_shop_category (
    id bigint NOT NULL,
    name character varying(100) NOT NULL,
    description text NOT NULL,
    display_id integer
);


ALTER TABLE public.practice_shop_category OWNER TO postgres;

--
-- Name: practice_shop_category_id_seq; Type: SEQUENCE; Schema: public; Owner: postgres
--

ALTER TABLE public.practice_shop_category ALTER COLUMN id ADD GENERATED BY DEFAULT AS IDENTITY (
    SEQUENCE NAME public.practice_shop_category_id_seq
    START WITH 1
    INCREMENT BY 1
    NO MINVALUE
    NO MAXVALUE
    CACHE 1
);


--
-- Name: practice_shop_creditcardpayment; Type: TABLE; Schema: public; Owner: postgres
--

CREATE TABLE public.practice_shop_creditcardpayment (
    id bigint NOT NULL,
    card_number character varying(16) NOT NULL,
    expiry_date character varying(5) NOT NULL,
    cvv character varying(3) NOT NULL,
    order_id bigint NOT NULL
);


ALTER TABLE public.practice_shop_creditcardpayment OWNER TO postgres;

--
-- Name: practice_shop_creditcardpayment_id_seq; Type: SEQUENCE; Schema: public; Owner: postgres
--

ALTER TABLE public.practice_shop_creditcardpayment ALTER COLUMN id ADD GENERATED BY DEFAULT AS IDENTITY (
    SEQUENCE NAME public.practice_shop_creditcardpayment_id_seq
    START WITH 1
    INCREMENT BY 1
    NO MINVALUE
    NO MAXVALUE
    CACHE 1
);


--
-- Name: practice_shop_gcashpayment; Type: TABLE; Schema: public; Owner: postgres
--

CREATE TABLE public.practice_shop_gcashpayment (
    id bigint NOT NULL,
    order_id bigint NOT NULL
);


ALTER TABLE public.practice_shop_gcashpayment OWNER TO postgres;

--
-- Name: practice_shop_gcashpayment_id_seq; Type: SEQUENCE; Schema: public; Owner: postgres
--

ALTER TABLE public.practice_shop_gcashpayment ALTER COLUMN id ADD GENERATED BY DEFAULT AS IDENTITY (
    SEQUENCE NAME public.practice_shop_gcashpayment_id_seq
    START WITH 1
    INCREMENT BY 1
    NO MINVALUE
    NO MAXVALUE
    CACHE 1
);


--
-- Name: practice_shop_mayapayment; Type: TABLE; Schema: public; Owner: postgres
--

CREATE TABLE public.practice_shop_mayapayment (
    id bigint NOT NULL,
    order_id bigint NOT NULL
);


ALTER TABLE public.practice_shop_mayapayment OWNER TO postgres;

--
-- Name: practice_shop_mayapayment_id_seq; Type: SEQUENCE; Schema: public; Owner: postgres
--

ALTER TABLE public.practice_shop_mayapayment ALTER COLUMN id ADD GENERATED BY DEFAULT AS IDENTITY (
    SEQUENCE NAME public.practice_shop_mayapayment_id_seq
    START WITH 1
    INCREMENT BY 1
    NO MINVALUE
    NO MAXVALUE
    CACHE 1
);


--
-- Name: practice_shop_order; Type: TABLE; Schema: public; Owner: postgres
--

CREATE TABLE public.practice_shop_order (
    id bigint NOT NULL,
    customer_name character varying(100) NOT NULL,
    customer_email character varying(254) NOT NULL,
    created_at timestamp with time zone NOT NULL,
    order_notes text,
    payment_method character varying(50) NOT NULL,
    shipping_address text,
    status character varying(20) NOT NULL,
    display_id integer
);


ALTER TABLE public.practice_shop_order OWNER TO postgres;

--
-- Name: practice_shop_order_id_seq; Type: SEQUENCE; Schema: public; Owner: postgres
--

ALTER TABLE public.practice_shop_order ALTER COLUMN id ADD GENERATED BY DEFAULT AS IDENTITY (
    SEQUENCE NAME public.practice_shop_order_id_seq
    START WITH 1
    INCREMENT BY 1
    NO MINVALUE
    NO MAXVALUE
    CACHE 1
);


--
-- Name: practice_shop_orderitem; Type: TABLE; Schema: public; Owner: postgres
--

CREATE TABLE public.practice_shop_orderitem (
    id bigint NOT NULL,
    quantity integer NOT NULL,
    order_id bigint NOT NULL,
    product_id bigint NOT NULL,
    price numeric(10,2) NOT NULL,
    CONSTRAINT practice_shop_orderitem_quantity_check CHECK ((quantity >= 0))
);


ALTER TABLE public.practice_shop_orderitem OWNER TO postgres;

--
-- Name: practice_shop_orderitem_id_seq; Type: SEQUENCE; Schema: public; Owner: postgres
--

ALTER TABLE public.practice_shop_orderitem ALTER COLUMN id ADD GENERATED BY DEFAULT AS IDENTITY (
    SEQUENCE NAME public.practice_shop_orderitem_id_seq
    START WITH 1
    INCREMENT BY 1
    NO MINVALUE
    NO MAXVALUE
    CACHE 1
);


--
-- Name: practice_shop_paypalpayment; Type: TABLE; Schema: public; Owner: postgres
--

CREATE TABLE public.practice_shop_paypalpayment (
    id bigint NOT NULL,
    paypal_email character varying(254) NOT NULL,
    order_id bigint NOT NULL
);


ALTER TABLE public.practice_shop_paypalpayment OWNER TO postgres;

--
-- Name: practice_shop_paypalpayment_id_seq; Type: SEQUENCE; Schema: public; Owner: postgres
--

ALTER TABLE public.practice_shop_paypalpayment ALTER COLUMN id ADD GENERATED BY DEFAULT AS IDENTITY (
    SEQUENCE NAME public.practice_shop_paypalpayment_id_seq
    START WITH 1
    INCREMENT BY 1
    NO MINVALUE
    NO MAXVALUE
    CACHE 1
);


--
-- Name: practice_shop_product; Type: TABLE; Schema: public; Owner: postgres
--

CREATE TABLE public.practice_shop_product (
    id bigint NOT NULL,
    name character varying(100) NOT NULL,
    description text NOT NULL,
    price numeric(10,2) NOT NULL,
    image character varying(100),
    stock bigint NOT NULL,
    available boolean NOT NULL,
    category_id bigint NOT NULL,
    display_id integer
);


ALTER TABLE public.practice_shop_product OWNER TO postgres;

--
-- Name: practice_shop_product_id_seq; Type: SEQUENCE; Schema: public; Owner: postgres
--

ALTER TABLE public.practice_shop_product ALTER COLUMN id ADD GENERATED BY DEFAULT AS IDENTITY (
    SEQUENCE NAME public.practice_shop_product_id_seq
    START WITH 1
    INCREMENT BY 1
    NO MINVALUE
    NO MAXVALUE
    CACHE 1
);


--
-- Name: shop_admin_shopadminaccount; Type: TABLE; Schema: public; Owner: postgres
--

CREATE TABLE public.shop_admin_shopadminaccount (
    id bigint NOT NULL,
    email character varying(254) NOT NULL,
    username character varying(150) NOT NULL,
    password character varying(128) NOT NULL,
    is_staff boolean NOT NULL,
    is_admin boolean NOT NULL,
    created_at timestamp with time zone NOT NULL,
    updated_at timestamp with time zone NOT NULL,
    is_approved boolean NOT NULL,
    display_id integer
);


ALTER TABLE public.shop_admin_shopadminaccount OWNER TO postgres;

--
-- Name: shop_admin_shopadminaccount_id_seq; Type: SEQUENCE; Schema: public; Owner: postgres
--

ALTER TABLE public.shop_admin_shopadminaccount ALTER COLUMN id ADD GENERATED BY DEFAULT AS IDENTITY (
    SEQUENCE NAME public.shop_admin_shopadminaccount_id_seq
    START WITH 1
    INCREMENT BY 1
    NO MINVALUE
    NO MAXVALUE
    CACHE 1
);


--
-- Name: shop_images_heroimage; Type: TABLE; Schema: public; Owner: postgres
--

CREATE TABLE public.shop_images_heroimage (
    id bigint NOT NULL,
    image character varying(100) NOT NULL,
    uploaded_at timestamp with time zone NOT NULL
);


ALTER TABLE public.shop_images_heroimage OWNER TO postgres;

--
-- Name: shop_images_heroimage_id_seq; Type: SEQUENCE; Schema: public; Owner: postgres
--

ALTER TABLE public.shop_images_heroimage ALTER COLUMN id ADD GENERATED BY DEFAULT AS IDENTITY (
    SEQUENCE NAME public.shop_images_heroimage_id_seq
    START WITH 1
    INCREMENT BY 1
    NO MINVALUE
    NO MAXVALUE
    CACHE 1
);


--
-- Data for Name: auth_group; Type: TABLE DATA; Schema: public; Owner: postgres
--

COPY public.auth_group (id, name) FROM stdin;
\.


--
-- Data for Name: auth_group_permissions; Type: TABLE DATA; Schema: public; Owner: postgres
--

COPY public.auth_group_permissions (id, group_id, permission_id) FROM stdin;
\.


--
-- Data for Name: auth_permission; Type: TABLE DATA; Schema: public; Owner: postgres
--

COPY public.auth_permission (id, name, content_type_id, codename) FROM stdin;
1	Can add log entry	1	add_logentry
2	Can change log entry	1	change_logentry
3	Can delete log entry	1	delete_logentry
4	Can view log entry	1	view_logentry
5	Can add permission	2	add_permission
6	Can change permission	2	change_permission
7	Can delete permission	2	delete_permission
8	Can view permission	2	view_permission
9	Can add group	3	add_group
10	Can change group	3	change_group
11	Can delete group	3	delete_group
12	Can view group	3	view_group
13	Can add user	4	add_user
14	Can change user	4	change_user
15	Can delete user	4	delete_user
16	Can view user	4	view_user
17	Can add content type	5	add_contenttype
18	Can change content type	5	change_contenttype
19	Can delete content type	5	delete_contenttype
20	Can view content type	5	view_contenttype
21	Can add session	6	add_session
22	Can change session	6	change_session
23	Can delete session	6	delete_session
24	Can view session	6	view_session
25	Can add order	7	add_order
26	Can change order	7	change_order
27	Can delete order	7	delete_order
28	Can view order	7	view_order
29	Can add category	8	add_category
30	Can change category	8	change_category
31	Can delete category	8	delete_category
32	Can view category	8	view_category
33	Can add order item	9	add_orderitem
34	Can change order item	9	change_orderitem
35	Can delete order item	9	delete_orderitem
36	Can view order item	9	view_orderitem
37	Can add product	10	add_product
38	Can change product	10	change_product
39	Can delete product	10	delete_product
40	Can view product	10	view_product
41	Can add shop admin account	11	add_shopadminaccount
42	Can change shop admin account	11	change_shopadminaccount
43	Can delete shop admin account	11	delete_shopadminaccount
44	Can view shop admin account	11	view_shopadminaccount
45	Can add products	11	can_add_product
46	Can edit products	11	can_edit_product
47	Can delete products	11	can_delete_product
48	Can add shop admin account	12	add_shopadminaccount
49	Can change shop admin account	12	change_shopadminaccount
50	Can delete shop admin account	12	delete_shopadminaccount
51	Can view shop admin account	12	view_shopadminaccount
52	Can add Token	13	add_token
53	Can change Token	13	change_token
54	Can delete Token	13	delete_token
55	Can view Token	13	view_token
56	Can add Token	14	add_tokenproxy
57	Can change Token	14	change_tokenproxy
58	Can delete Token	14	delete_tokenproxy
59	Can view Token	14	view_tokenproxy
60	Can add hero image	15	add_heroimage
61	Can change hero image	15	change_heroimage
62	Can delete hero image	15	delete_heroimage
63	Can view hero image	15	view_heroimage
64	Can add bank transfer payment	16	add_banktransferpayment
65	Can change bank transfer payment	16	change_banktransferpayment
66	Can delete bank transfer payment	16	delete_banktransferpayment
67	Can view bank transfer payment	16	view_banktransferpayment
68	Can add credit card payment	17	add_creditcardpayment
69	Can change credit card payment	17	change_creditcardpayment
70	Can delete credit card payment	17	delete_creditcardpayment
71	Can view credit card payment	17	view_creditcardpayment
72	Can add g cash payment	18	add_gcashpayment
73	Can change g cash payment	18	change_gcashpayment
74	Can delete g cash payment	18	delete_gcashpayment
75	Can view g cash payment	18	view_gcashpayment
76	Can add maya payment	19	add_mayapayment
77	Can change maya payment	19	change_mayapayment
78	Can delete maya payment	19	delete_mayapayment
79	Can view maya payment	19	view_mayapayment
80	Can add pay pal payment	20	add_paypalpayment
81	Can change pay pal payment	20	change_paypalpayment
82	Can delete pay pal payment	20	delete_paypalpayment
83	Can view pay pal payment	20	view_paypalpayment
\.


--
-- Data for Name: auth_user; Type: TABLE DATA; Schema: public; Owner: postgres
--

COPY public.auth_user (id, password, last_login, is_superuser, username, first_name, last_name, email, is_staff, is_active, date_joined) FROM stdin;
1	pbkdf2_sha256$870000$k1qdBcWCgXaVZkRka6PtCP$7butdemk/wPrDsyTPRxqmROw8OtgBkzy+Q5FyYMtJ/w=	2024-10-09 09:01:21.58747+08	t	admin				t	t	2024-09-04 04:12:48+08
\.


--
-- Data for Name: auth_user_groups; Type: TABLE DATA; Schema: public; Owner: postgres
--

COPY public.auth_user_groups (id, user_id, group_id) FROM stdin;
\.


--
-- Data for Name: auth_user_user_permissions; Type: TABLE DATA; Schema: public; Owner: postgres
--

COPY public.auth_user_user_permissions (id, user_id, permission_id) FROM stdin;
\.


--
-- Data for Name: authtoken_token; Type: TABLE DATA; Schema: public; Owner: postgres
--

COPY public.authtoken_token (key, created, user_id) FROM stdin;
\.


--
-- Data for Name: django_admin_log; Type: TABLE DATA; Schema: public; Owner: postgres
--

COPY public.django_admin_log (id, action_time, object_id, object_repr, action_flag, change_message, content_type_id, user_id) FROM stdin;
1	2024-09-04 04:38:47.517+08	1	Plushie	1	[{"added": {}}]	8	1
2	2024-09-04 04:39:00.527+08	1	Saori Plushie	1	[{"added": {}}]	10	1
3	2024-09-04 04:44:43.8+08	1	Saori Plushie	2	[{"changed": {"fields": ["Image"]}}]	10	1
4	2024-09-04 05:22:15.745+08	2	Misaki Plushie	1	[{"added": {}}]	10	1
5	2024-09-04 05:33:50.226+08	3	Hiyori Plushie	1	[{"added": {}}]	10	1
6	2024-09-04 05:34:05.128+08	4	Atsuko Plushie	1	[{"added": {}}]	10	1
7	2024-09-04 05:34:18.183+08	5	Nonomi Plushie	1	[{"added": {}}]	10	1
8	2024-09-04 05:34:30.183+08	6	Serika Plushie	1	[{"added": {}}]	10	1
9	2024-09-04 05:34:43.219+08	7	Kazusa Plushie	1	[{"added": {}}]	10	1
10	2024-09-13 22:08:18.06+08	1	admin	1	[{"added": {}}]	11	1
11	2024-09-16 07:00:38.656+08	1	Saori Plushie	2	[{"changed": {"fields": ["Stock"]}}]	10	1
12	2024-09-16 09:32:54.145+08	7	Kazusa Plushie	2	[{"changed": {"fields": ["Stock"]}}]	10	1
13	2024-09-16 09:32:57.749+08	6	Serika Plushie	2	[{"changed": {"fields": ["Stock"]}}]	10	1
14	2024-09-16 09:33:00.959+08	5	Nonomi Plushie	2	[{"changed": {"fields": ["Stock"]}}]	10	1
15	2024-09-16 09:33:03.614+08	4	Atsuko Plushie	2	[{"changed": {"fields": ["Stock"]}}]	10	1
16	2024-09-16 09:33:06.382+08	3	Hiyori Plushie	2	[{"changed": {"fields": ["Stock"]}}]	10	1
17	2024-09-16 09:33:14.319+08	2	Misaki Plushie	2	[{"changed": {"fields": ["Stock"]}}]	10	1
18	2024-09-16 09:33:16.426+08	1	Saori Plushie	2	[]	10	1
19	2024-09-25 06:17:13.452+08	1	Hero Image uploaded at 2024-09-24 22:17:13.451580+00:00	1	[{"added": {}}]	15	1
20	2024-09-26 16:02:18.932+08	2	user	2	[{"changed": {"fields": ["Is approved"]}}]	12	1
21	2024-09-26 16:06:32.886+08	2	user	2	[{"changed": {"fields": ["Is admin"]}}]	12	1
22	2024-09-26 16:11:07.158+08	2	user	3		12	1
23	2024-09-26 16:11:10.578+08	1	abc	3		12	1
24	2024-09-26 16:11:35.97+08	3	user	2	[{"changed": {"fields": ["Is approved"]}}]	12	1
25	2024-09-26 16:23:41.777+08	3	user	3		12	1
26	2024-09-26 16:25:36.437+08	4	user	2	[{"changed": {"fields": ["Is approved"]}}]	12	1
27	2024-09-26 16:26:01.409+08	4	user	2	[{"changed": {"fields": ["Password"]}}]	12	1
28	2024-09-26 16:28:55.195+08	4	user	2	[{"changed": {"fields": ["Is approved"]}}]	12	1
29	2024-09-26 16:32:21.071+08	4	user	3		12	1
30	2024-09-26 16:41:37.385+08	5	user	2	[{"changed": {"fields": ["Is approved"]}}]	12	1
31	2024-09-26 16:42:44.118+08	5	user	3		12	1
32	2024-09-26 16:43:30.14+08	6	user	2	[{"changed": {"fields": ["Is approved"]}}]	12	1
33	2024-09-27 06:02:59.496+08	7	test	1	[{"added": {}}]	12	1
34	2024-10-01 10:33:55.451+08	103	Order 103 by Binah	3		7	1
35	2024-10-01 10:33:55.451+08	102	Order 102 by Binah	3		7	1
36	2024-10-01 10:33:55.451+08	101	Order 101 by test	3		7	1
37	2024-10-01 10:33:55.451+08	100	Order 100 by test	3		7	1
38	2024-10-01 10:33:55.451+08	99	Order 99 by test	3		7	1
39	2024-10-01 10:33:55.451+08	98	Order 98 by test	3		7	1
40	2024-10-01 10:33:55.451+08	97	Order 97 by test	3		7	1
41	2024-10-01 10:33:55.451+08	96	Order 96 by test	3		7	1
42	2024-10-01 10:33:55.451+08	95	Order 95 by test	3		7	1
43	2024-10-01 10:33:55.451+08	94	Order 94 by test	3		7	1
44	2024-10-01 10:33:55.451+08	93	Order 93 by test	3		7	1
45	2024-10-01 10:33:55.451+08	92	Order 92 by test	3		7	1
46	2024-10-01 10:33:55.451+08	91	Order 91 by test	3		7	1
47	2024-10-01 10:33:55.451+08	90	Order 90 by test	3		7	1
48	2024-10-01 10:33:55.451+08	89	Order 89 by test	3		7	1
49	2024-10-01 10:33:55.451+08	88	Order 88 by test	3		7	1
50	2024-10-01 10:33:55.451+08	87	Order 87 by test	3		7	1
51	2024-10-01 10:33:55.451+08	86	Order 86 by test	3		7	1
52	2024-10-01 10:33:55.451+08	85	Order 85 by test	3		7	1
53	2024-10-01 10:33:55.451+08	84	Order 84 by test	3		7	1
54	2024-10-01 10:33:55.451+08	83	Order 83 by test	3		7	1
55	2024-10-01 10:33:55.451+08	82	Order 82 by test	3		7	1
56	2024-10-01 10:33:55.451+08	81	Order 81 by test	3		7	1
57	2024-10-01 10:33:55.451+08	80	Order 80 by test	3		7	1
58	2024-10-01 10:33:55.451+08	79	Order 79 by test	3		7	1
59	2024-10-01 10:33:55.451+08	78	Order 78 by test	3		7	1
60	2024-10-01 10:33:55.451+08	77	Order 77 by test	3		7	1
61	2024-10-01 10:33:55.451+08	76	Order 76 by test	3		7	1
62	2024-10-01 10:33:55.451+08	75	Order 75 by test	3		7	1
63	2024-10-01 10:33:55.451+08	74	Order 74 by test	3		7	1
64	2024-10-01 10:33:55.451+08	73	Order 73 by test	3		7	1
65	2024-10-01 10:33:55.451+08	72	Order 72 by test	3		7	1
66	2024-10-01 10:33:55.451+08	71	Order 71 by test	3		7	1
67	2024-10-01 10:33:55.451+08	70	Order 70 by test	3		7	1
68	2024-10-01 10:33:55.452+08	69	Order 69 by test	3		7	1
69	2024-10-01 10:33:55.452+08	68	Order 68 by test	3		7	1
70	2024-10-01 10:33:55.452+08	67	Order 67 by test	3		7	1
71	2024-10-01 10:33:55.452+08	66	Order 66 by test	3		7	1
72	2024-10-01 10:33:55.452+08	65	Order 65 by test	3		7	1
73	2024-10-01 10:33:55.452+08	64	Order 64 by test	3		7	1
74	2024-10-01 10:33:55.452+08	63	Order 63 by test	3		7	1
75	2024-10-01 10:33:55.452+08	62	Order 62 by test	3		7	1
76	2024-10-01 10:33:55.452+08	61	Order 61 by test	3		7	1
77	2024-10-01 10:33:55.452+08	60	Order 60 by test	3		7	1
78	2024-10-01 10:33:55.452+08	59	Order 59 by test	3		7	1
79	2024-10-01 10:33:55.452+08	58	Order 58 by test	3		7	1
80	2024-10-01 10:33:55.452+08	57	Order 57 by test	3		7	1
81	2024-10-01 10:33:55.452+08	56	Order 56 by test	3		7	1
82	2024-10-01 10:33:55.452+08	55	Order 55 by test	3		7	1
83	2024-10-01 10:33:55.452+08	54	Order 54 by test	3		7	1
84	2024-10-01 10:33:55.452+08	53	Order 53 by test	3		7	1
85	2024-10-01 10:33:55.452+08	52	Order 52 by test	3		7	1
86	2024-10-01 10:33:55.452+08	51	Order 51 by test	3		7	1
87	2024-10-01 10:33:55.452+08	50	Order 50 by test	3		7	1
88	2024-10-01 10:33:55.452+08	49	Order 49 by test	3		7	1
89	2024-10-01 10:33:55.452+08	48	Order 48 by test	3		7	1
90	2024-10-01 10:33:55.452+08	47	Order 47 by test	3		7	1
91	2024-10-01 10:33:55.452+08	46	Order 46 by test	3		7	1
92	2024-10-01 10:33:55.452+08	45	Order 45 by qwe	3		7	1
93	2024-10-01 10:33:55.452+08	44	Order 44 by qwe	3		7	1
94	2024-10-01 10:33:55.452+08	43	Order 43 by qwe	3		7	1
95	2024-10-01 10:33:55.452+08	42	Order 42 by qwe	3		7	1
96	2024-10-01 10:33:55.452+08	41	Order 41 by qwe	3		7	1
97	2024-10-01 10:33:55.452+08	40	Order 40 by qwe	3		7	1
98	2024-10-01 10:33:55.452+08	39	Order 39 by qwe	3		7	1
99	2024-10-01 10:33:55.452+08	38	Order 38 by qwe	3		7	1
100	2024-10-01 10:33:55.452+08	37	Order 37 by qwe	3		7	1
101	2024-10-01 10:33:55.452+08	36	Order 36 by qwe	3		7	1
102	2024-10-01 10:33:55.452+08	35	Order 35 by qwe	3		7	1
103	2024-10-01 10:33:55.452+08	34	Order 34 by qwe	3		7	1
104	2024-10-01 10:33:55.452+08	33	Order 33 by qwe	3		7	1
105	2024-10-01 10:33:55.452+08	32	Order 32 by qwe	3		7	1
106	2024-10-01 10:33:55.452+08	31	Order 31 by qwe	3		7	1
107	2024-10-01 10:33:55.452+08	30	Order 30 by qwe	3		7	1
108	2024-10-01 10:33:55.452+08	29	Order 29 by test	3		7	1
109	2024-10-01 10:33:55.452+08	28	Order 28 by test	3		7	1
110	2024-10-01 10:33:55.452+08	27	Order 27 by test	3		7	1
111	2024-10-01 10:33:55.452+08	26	Order 26 by test	3		7	1
112	2024-10-01 10:33:55.452+08	25	Order 25 by test	3		7	1
113	2024-10-01 10:33:55.452+08	24	Order 24 by test	3		7	1
114	2024-10-01 10:33:55.452+08	23	Order 23 by test	3		7	1
115	2024-10-01 10:33:55.452+08	22	Order 22 by test	3		7	1
116	2024-10-01 10:33:55.452+08	21	Order 21 by test	3		7	1
117	2024-10-01 10:33:55.452+08	20	Order 20 by test	3		7	1
118	2024-10-01 10:33:55.452+08	19	Order 19 by test	3		7	1
119	2024-10-01 10:33:55.452+08	18	Order 18 by test	3		7	1
120	2024-10-01 10:33:55.452+08	17	Order 17 by test	3		7	1
121	2024-10-01 10:33:55.452+08	16	Order 16 by test	3		7	1
122	2024-10-01 10:33:55.452+08	15	Order 15 by test	3		7	1
123	2024-10-01 10:33:55.452+08	14	Order 14 by test	3		7	1
124	2024-10-01 10:33:55.452+08	13	Order 13 by test	3		7	1
125	2024-10-01 10:33:55.452+08	12	Order 12 by test	3		7	1
126	2024-10-01 10:33:55.452+08	11	Order 11 by test	3		7	1
127	2024-10-01 10:33:55.452+08	10	Order 10 by test	3		7	1
128	2024-10-01 10:33:55.452+08	9	Order 9 by test	3		7	1
129	2024-10-01 10:33:55.452+08	8	Order 8 by test	3		7	1
130	2024-10-01 10:33:55.452+08	7	Order 7 by test	3		7	1
131	2024-10-01 10:33:55.452+08	6	Order 6 by test	3		7	1
132	2024-10-01 10:33:55.452+08	5	Order 5 by test	3		7	1
133	2024-10-01 10:33:55.452+08	4	Order 4 by test	3		7	1
134	2024-10-01 10:33:59.276+08	3	Order 3 by test	3		7	1
135	2024-10-01 10:33:59.276+08	2	Order 2 by test	3		7	1
136	2024-10-01 10:33:59.276+08	1	Order 1 by test	3		7	1
137	2024-10-02 14:50:37.365+08	7	test	3		12	1
138	2024-10-07 15:11:35.692+08	1	Hero Image uploaded at 2024-09-24 22:17:13.451580+00:00	2	[{"changed": {"fields": ["Image"]}}]	15	1
139	2024-10-07 19:11:44.886+08	1	Saori Plushie	2	[{"changed": {"fields": ["Image"]}}]	10	1
140	2024-10-07 19:12:15.759+08	4	Atsuko Plushie	2	[{"changed": {"fields": ["Image"]}}]	10	1
141	2024-10-07 19:13:31.781+08	11	Yoshimi Plushie	2	[{"changed": {"fields": ["Available"]}}]	10	1
142	2024-10-07 19:14:38.527+08	6	Serika Plushie	2	[{"changed": {"fields": ["Image"]}}]	10	1
143	2024-10-07 19:14:57.786+08	9	Saori Plushie (Masked Version)	2	[{"changed": {"fields": ["Image"]}}]	10	1
144	2024-10-07 19:15:03.477+08	10	Saori Plushie (Unmasked Version)	2	[{"changed": {"fields": ["Image"]}}]	10	1
145	2024-10-07 19:15:16.441+08	5	Nonomi Plushie	2	[{"changed": {"fields": ["Image"]}}]	10	1
146	2024-10-07 19:15:28.521+08	2	Misaki Plushie	2	[{"changed": {"fields": ["Image"]}}]	10	1
147	2024-10-07 19:15:42.823+08	7	Kazusa Plushie	2	[{"changed": {"fields": ["Image"]}}]	10	1
148	2024-10-07 19:17:18.341+08	3	Hiyori Plushie	2	[{"changed": {"fields": ["Image"]}}]	10	1
149	2024-10-19 02:55:22.613816+08	2	Figma	1	[{"added": {}}]	8	1
150	2024-10-19 04:58:52.213102+08	3	Nendoroid	1	[{"added": {}}]	8	1
\.


--
-- Data for Name: django_content_type; Type: TABLE DATA; Schema: public; Owner: postgres
--

COPY public.django_content_type (id, app_label, model) FROM stdin;
1	admin	logentry
2	auth	permission
3	auth	group
4	auth	user
5	contenttypes	contenttype
6	sessions	session
7	practice_shop	order
8	practice_shop	category
9	practice_shop	orderitem
10	practice_shop	product
11	admin_authentication	shopadminaccount
12	shop_admin	shopadminaccount
13	authtoken	token
14	authtoken	tokenproxy
15	shop_images	heroimage
16	practice_shop	banktransferpayment
17	practice_shop	creditcardpayment
18	practice_shop	gcashpayment
19	practice_shop	mayapayment
20	practice_shop	paypalpayment
\.


--
-- Data for Name: django_migrations; Type: TABLE DATA; Schema: public; Owner: postgres
--

COPY public.django_migrations (id, app, name, applied) FROM stdin;
1	contenttypes	0001_initial	2024-10-09 08:52:52.223082+08
2	auth	0001_initial	2024-10-09 08:52:52.278022+08
3	admin	0001_initial	2024-10-09 08:52:52.29497+08
4	admin	0002_logentry_remove_auto_add	2024-10-09 08:52:52.300609+08
5	admin	0003_logentry_add_action_flag_choices	2024-10-09 08:52:52.305762+08
6	contenttypes	0002_remove_content_type_name	2024-10-09 08:52:52.319673+08
7	auth	0002_alter_permission_name_max_length	2024-10-09 08:52:52.326344+08
8	auth	0003_alter_user_email_max_length	2024-10-09 08:52:52.332531+08
9	auth	0004_alter_user_username_opts	2024-10-09 08:52:52.337698+08
10	auth	0005_alter_user_last_login_null	2024-10-09 08:52:52.344393+08
11	auth	0006_require_contenttypes_0002	2024-10-09 08:52:52.345421+08
12	auth	0007_alter_validators_add_error_messages	2024-10-09 08:52:52.350565+08
13	auth	0008_alter_user_username_max_length	2024-10-09 08:52:52.358264+08
14	auth	0009_alter_user_last_name_max_length	2024-10-09 08:52:52.364987+08
15	auth	0010_alter_group_name_max_length	2024-10-09 08:52:52.371668+08
16	auth	0011_update_proxy_permissions	2024-10-09 08:52:52.378338+08
17	auth	0012_alter_user_first_name_max_length	2024-10-09 08:52:52.383987+08
18	authtoken	0001_initial	2024-10-09 08:52:52.395796+08
19	authtoken	0002_auto_20160226_1747	2024-10-09 08:52:52.412741+08
20	authtoken	0003_tokenproxy	2024-10-09 08:52:52.414801+08
21	authtoken	0004_alter_tokenproxy_options	2024-10-09 08:52:52.417887+08
22	practice_shop	0001_initial	2024-10-09 08:52:52.447692+08
23	practice_shop	0002_order_order_notes_order_payment_method_and_more	2024-10-09 08:52:52.505177+08
24	practice_shop	0003_alter_order_shipping_address_alter_orderitem_order_and_more	2024-10-09 08:52:52.535013+08
25	practice_shop	0004_category_display_id_order_display_id_and_more	2024-10-09 08:52:52.549365+08
26	practice_shop	0005_auto_20241006_1238	2024-10-09 08:52:52.56325+08
27	sessions	0001_initial	2024-10-09 08:52:52.569928+08
28	shop_admin	0001_initial	2024-10-09 08:52:52.580786+08
29	shop_admin	0002_shopadminaccount_is_approved	2024-10-09 08:52:52.584415+08
30	shop_admin	0003_shopadminaccount_display_id	2024-10-09 08:52:52.587502+08
31	shop_images	0001_initial	2024-10-09 08:52:52.592143+08
\.


--
-- Data for Name: django_session; Type: TABLE DATA; Schema: public; Owner: postgres
--

COPY public.django_session (session_key, session_data, expire_date) FROM stdin;
elsodgv9z717oge08dn3ywvy34nyosih	.eJxVjEEOgkAMRe8yazMZpjC0Lt1zBtJ2qqAGEgZWxrsrCQvd_vfef7met3Xot2JLP2Z3dpU7_W7C-rBpB_nO0232Ok_rMorfFX_Q4rs52_NyuH8HA5fhW2MiS0wqV8QoIKRNLQkV1GKTFYBAAmWEmBg4hAxMhm1VY4xCdeveH-m0N4M:1srILc:hsZ64MkQ65kWc5Y0w4jQZynRX-AGYmQ01cHrqiI2ycA	2024-10-03 22:41:32.597+08
peoii5wjfc5csvk855qb0v253svegp7f	.eJxVjEEOgkAMRe8yazMZpjC0Lt1zBtJ2qqAGEgZWxrsrCQvd_vfef7met3Xot2JLP2Z3dpU7_W7C-rBpB_nO0232Ok_rMorfFX_Q4rs52_NyuH8HA5fhW2MiS0wqV8QoIKRNLQkV1GKTFYBAAmWEmBg4hAxMhm1VY4xCdeveH-m0N4M:1sxBUL:KZfDmTloBtyfuB8vDJRK0sU04OhzECuIwKxTLl2_z6A	2024-10-20 04:34:53.567+08
xytbsxk0x2vufbzbxeakfit2g7z8f9m3	.eJxVjEEOgkAMRe8yazMZpjC0Lt1zBtJ2qqAGEgZWxrsrCQvd_vfef7met3Xot2JLP2Z3dpU7_W7C-rBpB_nO0232Ok_rMorfFX_Q4rs52_NyuH8HA5fhW2MiS0wqV8QoIKRNLQkV1GKTFYBAAmWEmBg4hAxMhm1VY4xCdeveH-m0N4M:1sla6D:7uQyLM2cQNkWw7P1uvtXwkPU3oRSfIzxJqdYq1opKmk	2024-09-18 04:26:01.378+08
a1oubf43i7tn0s331m5ku7kj87rbahov	.eJxVjEEOgkAMRe8yazMZpjC0Lt1zBtJ2qqAGEgZWxrsrCQvd_vfef7met3Xot2JLP2Z3dpU7_W7C-rBpB_nO0232Ok_rMorfFX_Q4rs52_NyuH8HA5fhW2MiS0wqV8QoIKRNLQkV1GKTFYBAAmWEmBg4hAxMhm1VY4xCdeveH-m0N4M:1syL4r:KVpPnfVoQKPlC8qq37Ecr-TeNutRHBh_LrHUAGxQmPc	2024-10-23 09:01:21.5885+08
\.


--
-- Data for Name: practice_shop_banktransferpayment; Type: TABLE DATA; Schema: public; Owner: postgres
--

COPY public.practice_shop_banktransferpayment (id, account_name, account_number, bank_name, order_id) FROM stdin;
\.


--
-- Data for Name: practice_shop_category; Type: TABLE DATA; Schema: public; Owner: postgres
--

COPY public.practice_shop_category (id, name, description, display_id) FROM stdin;
1	Plushie	Plushie	1
2	Figma	Figma	2
3	Nendoroid	Nendoroid	3
\.


--
-- Data for Name: practice_shop_creditcardpayment; Type: TABLE DATA; Schema: public; Owner: postgres
--

COPY public.practice_shop_creditcardpayment (id, card_number, expiry_date, cvv, order_id) FROM stdin;
6	123	12/25	123	104
\.


--
-- Data for Name: practice_shop_gcashpayment; Type: TABLE DATA; Schema: public; Owner: postgres
--

COPY public.practice_shop_gcashpayment (id, order_id) FROM stdin;
\.


--
-- Data for Name: practice_shop_mayapayment; Type: TABLE DATA; Schema: public; Owner: postgres
--

COPY public.practice_shop_mayapayment (id, order_id) FROM stdin;
1	112
\.


--
-- Data for Name: practice_shop_order; Type: TABLE DATA; Schema: public; Owner: postgres
--

COPY public.practice_shop_order (id, customer_name, customer_email, created_at, order_notes, payment_method, shipping_address, status, display_id) FROM stdin;
104	Chesed	test@test.com	2024-10-01 10:39:45.657+08	wae	credit_card	adasd	pending	1
105	bxvc	test@test.com	2024-10-01 10:59:40.758+08	asd	cod	wqe	pending	2
106	zxc	test@test.com	2024-10-01 11:01:55.806+08	asd	cod	qwe	pending	3
107	asd	test@test.com	2024-10-01 11:04:04.771+08	asd	cod	qwe	pending	4
108	weqw	test@test.com	2024-10-01 11:05:41.577+08	qwe	cod	qweqw	pending	5
109	qweqweq	admin@admin.com	2024-10-01 11:06:36.513+08	qweqw	cod	qweqw	pending	6
110	qweqwe	test@test.com	2024-10-01 11:08:34.555+08	qwe	cod	qwe	pending	7
111	qweq	qweq@asdas.com	2024-10-01 11:09:43.443+08	qwe	cod	qqwe	pending	8
112	qweq	qweq@asdas.com	2024-10-01 11:11:06.575+08	qwe	maya	qwe	pending	9
113	qwe	qweq@asdas.com	2024-10-01 11:11:54.847+08	asd	cod	asd	pending	10
114	qwe	test@test.com	2024-10-01 11:13:33.011+08	qwe	cod	qwe	pending	11
115	test	test@test.com	2024-10-01 11:14:48.773+08	qwe	cod	qwe	pending	12
116	sacchi	admin@admin.com	2024-10-02 02:09:28.679+08	vani	cod	arius	pending	13
117	kaz	test@test.com	2024-10-02 02:14:32.39+08	cat	cod	cat	pending	14
118	vani	vani@vani.com	2024-10-02 02:16:40.129+08	vani	cod	vani	pending	15
119	asdzxc	zxc@zxc.com	2024-10-02 02:30:07.016+08	asd	cod	zxc	pending	16
120	test	test@test.com	2024-10-02 02:33:01.076+08	asd	cod	tset	pending	17
121	test	test@test.com	2024-10-02 02:46:14.135+08	quantity test	cod	asd	pending	18
122	test	test@test.com	2024-10-02 02:53:10.822+08	quantity test	cod	test	pending	19
123	test	test@test.com	2024-10-02 02:53:21.146+08	quantity test	cod	test	pending	20
124	test	test@test.com	2024-10-02 02:53:41.088+08	quantity test	cod	test	pending	21
125	test	test@test.com	2024-10-02 02:54:35.113+08	quantity test	cod	test	pending	22
126	test	test@test.com	2024-10-02 02:54:45.201+08	quantity test	cod	test	pending	23
127	test	test@test.com	2024-10-02 02:54:58.726+08	quantity test	cod	test	pending	24
128	test	test@test.com	2024-10-02 02:56:18.22+08	quantity test	cod	test	pending	25
129	test	test@test.com	2024-10-02 02:56:40.558+08	quantity test	cod	test	pending	26
130	test	test@test.com	2024-10-02 02:56:48.574+08	test	cod	test	pending	27
131	test	test@test.com	2024-10-02 02:57:22.976+08	test	cod	test	pending	28
132	test	test@test.com	2024-10-02 02:59:55.871+08	test	cod	test	pending	29
133	test	test@test.com	2024-10-02 03:01:14.173+08	test	cod	test	pending	30
134	test	test@test.com	2024-10-02 03:02:59.189+08	test	cod	test	pending	31
135	test	test@test.com	2024-10-02 03:03:44.64+08	test	cod	test	pending	32
136	test	test@test.com	2024-10-02 03:04:14.297+08	es	cod	qwe	pending	33
137	test	test@test.com	2024-10-02 03:04:46.743+08	es	cod	qwe	pending	34
138	test	test@test.com	2024-10-02 03:05:11.267+08	es	cod	qwe	pending	35
139	test	test@test.com	2024-10-02 03:05:21.645+08	es	cod	qwe	pending	36
140	test	test@test.com	2024-10-02 03:05:47.663+08	es	cod	qwe	pending	37
141	test	test@test.com	2024-10-02 03:12:55.535+08	es	cod	qwe	pending	38
142	qwe	test@test.com	2024-10-02 03:25:56.705+08	asd	cod	asd	pending	39
143	asd	qweq@asdas.com	2024-10-02 03:27:43.789+08	zxc	cod	asd	pending	40
144	test	test@test.com	2024-10-02 05:03:37.479+08	quantity test	cod	test	pending	41
145	test	test@test.com	2024-10-02 05:03:42.363+08	quantity test	cod	test	pending	42
146	test	test@test.com	2024-10-02 05:04:32.244+08	quantity test	cod	test	pending	43
147	test	test@test.com	2024-10-02 05:04:42.907+08	quantity test	cod	test	pending	44
148	test	test@test.com	2024-10-02 05:05:01.989+08	quantity test	cod	test	pending	45
149	test	test@test.com	2024-10-02 05:11:36.04+08	qwe	cod	qwe	pending	46
150	test	test@test.com	2024-10-02 05:12:26.526+08	qwe	cod	qwe	pending	47
151	test	test@test.com	2024-10-02 05:12:43.301+08	qwe	cod	qwe	pending	48
152	test	test@test.com	2024-10-02 05:14:06.646+08	test	cod	test	pending	49
153	test	test@test.com	2024-10-02 05:15:10.299+08	test	cod	test	pending	50
154	test	test@test.com	2024-10-02 05:15:36.837+08	test	cod	test	pending	51
155	test	test@test.com	2024-10-02 05:16:35.24+08	test	cod	test	pending	52
156	test	test@test.com	2024-10-02 05:29:17.202+08	test	cod	test	pending	53
157	test	test@test.com	2024-10-02 05:30:48.379+08	test	cod	test	pending	54
158	test	test@test.com	2024-10-02 05:31:04.06+08	test	cod	test	pending	55
159	test	test@test.com	2024-10-02 05:33:15.894+08	test	cod	test	pending	56
160	test	test@test.com	2024-10-02 05:44:37.644+08	test	cod	test	pending	57
161	test	test@test.com	2024-10-02 05:44:49.544+08	test	cod	test	pending	58
162	test	test@test.com	2024-10-02 05:45:04.845+08	test	cod	test	pending	59
163	test	test@test.com	2024-10-02 05:45:39.958+08	test	cod	test	pending	60
164	test	test@test.com	2024-10-02 05:46:24.306+08	test	cod	test	pending	61
165	test	test@test.com	2024-10-02 05:47:06.137+08	test	cod	test	pending	62
166	test	test@test.com	2024-10-02 05:48:14.011+08	test	cod	test	pending	63
167	test	test@test.com	2024-10-02 05:48:32.23+08	test	cod	test	pending	64
168	test	test@test.com	2024-10-02 06:06:04.662+08	test	cod	test	pending	65
169	test	test@test.com	2024-10-02 06:06:23.502+08	test	cod	test	pending	66
170	test	test@test.com	2024-10-02 06:14:00.94+08	test	cod	test	pending	67
171	test	test@test.com	2024-10-02 06:14:35.643+08	test	cod	test	pending	68
172	qwe	qweq@asdas.com	2024-10-02 06:22:07.423+08	qwe	cod	qwe	pending	69
173	qwe	qweq@asdas.com	2024-10-02 06:22:52.52+08	qwe	cod	qwe	pending	70
174	qwe	qweq@asdas.com	2024-10-02 06:35:23.992+08	qwe	cod	qwe	pending	71
175	qwe	qweq@asdas.com	2024-10-02 06:38:12.899+08	qwe	cod	qwe	pending	72
176	testings	test@test.com	2024-10-02 14:07:56.792+08	test	cod	qwe	pending	73
177	test	test@test.com	2024-10-19 04:55:40.652772+08		cod	test	pending	74
\.


--
-- Data for Name: practice_shop_orderitem; Type: TABLE DATA; Schema: public; Owner: postgres
--

COPY public.practice_shop_orderitem (id, quantity, order_id, product_id, price) FROM stdin;
79	1	104	3	100.00
80	1	104	10	150.00
81	1	105	2	100.00
82	1	106	4	100.00
83	1	107	5	100.00
84	1	108	6	100.00
85	1	109	3	100.00
86	1	110	9	150.00
87	1	111	7	100.00
88	1	112	4	100.00
89	1	113	1	200.00
90	1	114	9	150.00
91	1	114	10	150.00
92	1	115	3	100.00
93	1	116	1	200.00
94	2	116	9	150.00
95	3	116	10	150.00
96	1	117	7	100.00
97	1	118	2	100.00
98	1	118	3	100.00
99	2	118	4	100.00
100	1	118	9	150.00
101	2	141	3	100.00
102	1	142	2	100.00
103	1	142	5	100.00
104	1	143	3	100.00
105	2	156	1	200.00
106	3	175	4	100.00
107	3	176	1	200.00
108	2	176	2	100.00
109	1	176	3	100.00
110	1	176	4	100.00
111	1	177	13	250.00
\.


--
-- Data for Name: practice_shop_paypalpayment; Type: TABLE DATA; Schema: public; Owner: postgres
--

COPY public.practice_shop_paypalpayment (id, paypal_email, order_id) FROM stdin;
\.


--
-- Data for Name: practice_shop_product; Type: TABLE DATA; Schema: public; Owner: postgres
--

COPY public.practice_shop_product (id, name, description, price, image, stock, available, category_id, display_id) FROM stdin;
1	Saori Plushie	Saori Plushie (Pang Version)	200.00	products/saori-plushie-pang-version.webp	25	t	1	1
2	Misaki Plushie	Misaki Plushie	100.00	products/misaki-plushie.webp	10	t	1	2
3	Hiyori Plushie	Hiyori Plushie	100.00	products/hiyori-plushie.webp	18	t	1	3
4	Atsuko Plushie	Atsuko Plushie	100.00	products/atsuko-plushie.webp	17	t	1	4
5	Nonomi Plushie	Nonomi Plushie	100.00	products/nonomi-plushie.webp	15	t	1	5
6	Serika Plushie	Serika Plushie	100.00	products/serika-plushie.webp	45	t	1	6
7	Kazusa Plushie	Kazusa Plushie	100.00	products/kazusa-plushie.webp	52	t	1	7
9	Saori Plushie (Masked Version)	Saori Plushie	150.00	products/saori-plushie.webp	73	t	1	8
10	Saori Plushie (Unmasked Version)	Saori Plushie	150.00	products/saori-plushie-unmasked.webp	28	t	1	9
11	Yoshimi Plushie	Yoshimi Plushie	100.00	products/yoshimi-plushie.webp	123	t	1	10
12	Hoshino Plushie	Hoshino Plushie	125.00	products/hoshino-plushie.webp	120	t	1	11
13	Mika Misono Figma	Mika Misono Figma	250.00	products/mika-figma1.jfif	10	t	2	12
14	Asuna Ichinose Nendoroid	Asuna Ichinose Nendoroid	200.00	products/asuna-ichinose-nendoroid3.jfif	27	t	3	13
15	Hoshino Nendoroid	Hoshino Nendoroid	225.00	products/hoshino-nendoroid1.jfif	124	t	3	14
\.


--
-- Data for Name: shop_admin_shopadminaccount; Type: TABLE DATA; Schema: public; Owner: postgres
--

COPY public.shop_admin_shopadminaccount (id, email, username, password, is_staff, is_admin, created_at, updated_at, is_approved, display_id) FROM stdin;
6	user@user.com	user	pbkdf2_sha256$870000$0dLCZ3J94poonHf2Z8zhx5$sSvNQsxt+F72ihj91i62fev3TgCaJ8+kmQmyaoFo+KM=	f	t	2024-09-26 16:42:51.34+08	2024-10-06 13:21:16.558+08	t	1
8	test@test.com	test	pbkdf2_sha256$870000$kSc1BSywq6sJC4QDrf2RX2$/uo8XAjJzoMZyZcNXIyAIqFuLISSxZr2lsiZoh8a388=	f	f	2024-10-03 15:33:58.447+08	2024-10-06 13:21:16.563+08	t	2
13	approve@approve.com	approve	pbkdf2_sha256$870000$pEoJMa4v3kLL6kk0GQ060v$thyUJoqYMeQR6HiPID68Y2U9JvQESvUGTex3NsvDsQc=	f	f	2024-10-06 13:25:25.341+08	2024-10-06 13:25:25.341+08	f	\N
14	deny@deny.com	deny	pbkdf2_sha256$870000$3d93QoHNe7YlzYyq6aUd2s$wrVfYLoXlvre3CFy6wEBQnnh/V//yx8PL1Sa7i5pn1U=	f	f	2024-10-06 13:25:41.245+08	2024-10-06 13:25:41.245+08	f	\N
17	test2@test.com	test2	pbkdf2_sha256$870000$7KeoFXq2kqXqqWHpAlOefX$cm1749jHg4mzU5sQcnmJ1vv//IC1DV6m8T9RRUPFoJU=	f	f	2024-10-06 13:32:48.328+08	2024-10-06 13:33:07.105+08	t	3
\.


--
-- Data for Name: shop_images_heroimage; Type: TABLE DATA; Schema: public; Owner: postgres
--

COPY public.shop_images_heroimage (id, image, uploaded_at) FROM stdin;
1	hero_images/BG_HQ2.webp	2024-09-25 06:17:13.451+08
\.


--
-- Name: auth_group_id_seq; Type: SEQUENCE SET; Schema: public; Owner: postgres
--

SELECT pg_catalog.setval('public.auth_group_id_seq', 1, false);


--
-- Name: auth_group_permissions_id_seq; Type: SEQUENCE SET; Schema: public; Owner: postgres
--

SELECT pg_catalog.setval('public.auth_group_permissions_id_seq', 1, false);


--
-- Name: auth_permission_id_seq; Type: SEQUENCE SET; Schema: public; Owner: postgres
--

SELECT pg_catalog.setval('public.auth_permission_id_seq', 83, true);


--
-- Name: auth_user_groups_id_seq; Type: SEQUENCE SET; Schema: public; Owner: postgres
--

SELECT pg_catalog.setval('public.auth_user_groups_id_seq', 1, false);


--
-- Name: auth_user_id_seq; Type: SEQUENCE SET; Schema: public; Owner: postgres
--

SELECT pg_catalog.setval('public.auth_user_id_seq', 1, true);


--
-- Name: auth_user_user_permissions_id_seq; Type: SEQUENCE SET; Schema: public; Owner: postgres
--

SELECT pg_catalog.setval('public.auth_user_user_permissions_id_seq', 1, false);


--
-- Name: django_admin_log_id_seq; Type: SEQUENCE SET; Schema: public; Owner: postgres
--

SELECT pg_catalog.setval('public.django_admin_log_id_seq', 150, true);


--
-- Name: django_content_type_id_seq; Type: SEQUENCE SET; Schema: public; Owner: postgres
--

SELECT pg_catalog.setval('public.django_content_type_id_seq', 20, true);


--
-- Name: django_migrations_id_seq; Type: SEQUENCE SET; Schema: public; Owner: postgres
--

SELECT pg_catalog.setval('public.django_migrations_id_seq', 31, true);


--
-- Name: practice_shop_banktransferpayment_id_seq; Type: SEQUENCE SET; Schema: public; Owner: postgres
--

SELECT pg_catalog.setval('public.practice_shop_banktransferpayment_id_seq', 1, false);


--
-- Name: practice_shop_category_id_seq; Type: SEQUENCE SET; Schema: public; Owner: postgres
--

SELECT pg_catalog.setval('public.practice_shop_category_id_seq', 3, true);


--
-- Name: practice_shop_creditcardpayment_id_seq; Type: SEQUENCE SET; Schema: public; Owner: postgres
--

SELECT pg_catalog.setval('public.practice_shop_creditcardpayment_id_seq', 6, true);


--
-- Name: practice_shop_gcashpayment_id_seq; Type: SEQUENCE SET; Schema: public; Owner: postgres
--

SELECT pg_catalog.setval('public.practice_shop_gcashpayment_id_seq', 1, false);


--
-- Name: practice_shop_mayapayment_id_seq; Type: SEQUENCE SET; Schema: public; Owner: postgres
--

SELECT pg_catalog.setval('public.practice_shop_mayapayment_id_seq', 1, true);


--
-- Name: practice_shop_order_id_seq; Type: SEQUENCE SET; Schema: public; Owner: postgres
--

SELECT pg_catalog.setval('public.practice_shop_order_id_seq', 177, true);


--
-- Name: practice_shop_orderitem_id_seq; Type: SEQUENCE SET; Schema: public; Owner: postgres
--

SELECT pg_catalog.setval('public.practice_shop_orderitem_id_seq', 111, true);


--
-- Name: practice_shop_paypalpayment_id_seq; Type: SEQUENCE SET; Schema: public; Owner: postgres
--

SELECT pg_catalog.setval('public.practice_shop_paypalpayment_id_seq', 1, false);


--
-- Name: practice_shop_product_id_seq; Type: SEQUENCE SET; Schema: public; Owner: postgres
--

SELECT pg_catalog.setval('public.practice_shop_product_id_seq', 15, true);


--
-- Name: shop_admin_shopadminaccount_id_seq; Type: SEQUENCE SET; Schema: public; Owner: postgres
--

SELECT pg_catalog.setval('public.shop_admin_shopadminaccount_id_seq', 17, true);


--
-- Name: shop_images_heroimage_id_seq; Type: SEQUENCE SET; Schema: public; Owner: postgres
--

SELECT pg_catalog.setval('public.shop_images_heroimage_id_seq', 1, true);


--
-- Name: auth_group auth_group_name_key; Type: CONSTRAINT; Schema: public; Owner: postgres
--

ALTER TABLE ONLY public.auth_group
    ADD CONSTRAINT auth_group_name_key UNIQUE (name);


--
-- Name: auth_group_permissions auth_group_permissions_group_id_permission_id_0cd325b0_uniq; Type: CONSTRAINT; Schema: public; Owner: postgres
--

ALTER TABLE ONLY public.auth_group_permissions
    ADD CONSTRAINT auth_group_permissions_group_id_permission_id_0cd325b0_uniq UNIQUE (group_id, permission_id);


--
-- Name: auth_group_permissions auth_group_permissions_pkey; Type: CONSTRAINT; Schema: public; Owner: postgres
--

ALTER TABLE ONLY public.auth_group_permissions
    ADD CONSTRAINT auth_group_permissions_pkey PRIMARY KEY (id);


--
-- Name: auth_group auth_group_pkey; Type: CONSTRAINT; Schema: public; Owner: postgres
--

ALTER TABLE ONLY public.auth_group
    ADD CONSTRAINT auth_group_pkey PRIMARY KEY (id);


--
-- Name: auth_permission auth_permission_content_type_id_codename_01ab375a_uniq; Type: CONSTRAINT; Schema: public; Owner: postgres
--

ALTER TABLE ONLY public.auth_permission
    ADD CONSTRAINT auth_permission_content_type_id_codename_01ab375a_uniq UNIQUE (content_type_id, codename);


--
-- Name: auth_permission auth_permission_pkey; Type: CONSTRAINT; Schema: public; Owner: postgres
--

ALTER TABLE ONLY public.auth_permission
    ADD CONSTRAINT auth_permission_pkey PRIMARY KEY (id);


--
-- Name: auth_user_groups auth_user_groups_pkey; Type: CONSTRAINT; Schema: public; Owner: postgres
--

ALTER TABLE ONLY public.auth_user_groups
    ADD CONSTRAINT auth_user_groups_pkey PRIMARY KEY (id);


--
-- Name: auth_user_groups auth_user_groups_user_id_group_id_94350c0c_uniq; Type: CONSTRAINT; Schema: public; Owner: postgres
--

ALTER TABLE ONLY public.auth_user_groups
    ADD CONSTRAINT auth_user_groups_user_id_group_id_94350c0c_uniq UNIQUE (user_id, group_id);


--
-- Name: auth_user auth_user_pkey; Type: CONSTRAINT; Schema: public; Owner: postgres
--

ALTER TABLE ONLY public.auth_user
    ADD CONSTRAINT auth_user_pkey PRIMARY KEY (id);


--
-- Name: auth_user_user_permissions auth_user_user_permissions_pkey; Type: CONSTRAINT; Schema: public; Owner: postgres
--

ALTER TABLE ONLY public.auth_user_user_permissions
    ADD CONSTRAINT auth_user_user_permissions_pkey PRIMARY KEY (id);


--
-- Name: auth_user_user_permissions auth_user_user_permissions_user_id_permission_id_14a6b632_uniq; Type: CONSTRAINT; Schema: public; Owner: postgres
--

ALTER TABLE ONLY public.auth_user_user_permissions
    ADD CONSTRAINT auth_user_user_permissions_user_id_permission_id_14a6b632_uniq UNIQUE (user_id, permission_id);


--
-- Name: auth_user auth_user_username_key; Type: CONSTRAINT; Schema: public; Owner: postgres
--

ALTER TABLE ONLY public.auth_user
    ADD CONSTRAINT auth_user_username_key UNIQUE (username);


--
-- Name: authtoken_token authtoken_token_pkey; Type: CONSTRAINT; Schema: public; Owner: postgres
--

ALTER TABLE ONLY public.authtoken_token
    ADD CONSTRAINT authtoken_token_pkey PRIMARY KEY (key);


--
-- Name: authtoken_token authtoken_token_user_id_key; Type: CONSTRAINT; Schema: public; Owner: postgres
--

ALTER TABLE ONLY public.authtoken_token
    ADD CONSTRAINT authtoken_token_user_id_key UNIQUE (user_id);


--
-- Name: django_admin_log django_admin_log_pkey; Type: CONSTRAINT; Schema: public; Owner: postgres
--

ALTER TABLE ONLY public.django_admin_log
    ADD CONSTRAINT django_admin_log_pkey PRIMARY KEY (id);


--
-- Name: django_content_type django_content_type_app_label_model_76bd3d3b_uniq; Type: CONSTRAINT; Schema: public; Owner: postgres
--

ALTER TABLE ONLY public.django_content_type
    ADD CONSTRAINT django_content_type_app_label_model_76bd3d3b_uniq UNIQUE (app_label, model);


--
-- Name: django_content_type django_content_type_pkey; Type: CONSTRAINT; Schema: public; Owner: postgres
--

ALTER TABLE ONLY public.django_content_type
    ADD CONSTRAINT django_content_type_pkey PRIMARY KEY (id);


--
-- Name: django_migrations django_migrations_pkey; Type: CONSTRAINT; Schema: public; Owner: postgres
--

ALTER TABLE ONLY public.django_migrations
    ADD CONSTRAINT django_migrations_pkey PRIMARY KEY (id);


--
-- Name: django_session django_session_pkey; Type: CONSTRAINT; Schema: public; Owner: postgres
--

ALTER TABLE ONLY public.django_session
    ADD CONSTRAINT django_session_pkey PRIMARY KEY (session_key);


--
-- Name: practice_shop_banktransferpayment practice_shop_banktransferpayment_order_id_key; Type: CONSTRAINT; Schema: public; Owner: postgres
--

ALTER TABLE ONLY public.practice_shop_banktransferpayment
    ADD CONSTRAINT practice_shop_banktransferpayment_order_id_key UNIQUE (order_id);


--
-- Name: practice_shop_banktransferpayment practice_shop_banktransferpayment_pkey; Type: CONSTRAINT; Schema: public; Owner: postgres
--

ALTER TABLE ONLY public.practice_shop_banktransferpayment
    ADD CONSTRAINT practice_shop_banktransferpayment_pkey PRIMARY KEY (id);


--
-- Name: practice_shop_category practice_shop_category_display_id_key; Type: CONSTRAINT; Schema: public; Owner: postgres
--

ALTER TABLE ONLY public.practice_shop_category
    ADD CONSTRAINT practice_shop_category_display_id_key UNIQUE (display_id);


--
-- Name: practice_shop_category practice_shop_category_pkey; Type: CONSTRAINT; Schema: public; Owner: postgres
--

ALTER TABLE ONLY public.practice_shop_category
    ADD CONSTRAINT practice_shop_category_pkey PRIMARY KEY (id);


--
-- Name: practice_shop_creditcardpayment practice_shop_creditcardpayment_order_id_key; Type: CONSTRAINT; Schema: public; Owner: postgres
--

ALTER TABLE ONLY public.practice_shop_creditcardpayment
    ADD CONSTRAINT practice_shop_creditcardpayment_order_id_key UNIQUE (order_id);


--
-- Name: practice_shop_creditcardpayment practice_shop_creditcardpayment_pkey; Type: CONSTRAINT; Schema: public; Owner: postgres
--

ALTER TABLE ONLY public.practice_shop_creditcardpayment
    ADD CONSTRAINT practice_shop_creditcardpayment_pkey PRIMARY KEY (id);


--
-- Name: practice_shop_gcashpayment practice_shop_gcashpayment_order_id_key; Type: CONSTRAINT; Schema: public; Owner: postgres
--

ALTER TABLE ONLY public.practice_shop_gcashpayment
    ADD CONSTRAINT practice_shop_gcashpayment_order_id_key UNIQUE (order_id);


--
-- Name: practice_shop_gcashpayment practice_shop_gcashpayment_pkey; Type: CONSTRAINT; Schema: public; Owner: postgres
--

ALTER TABLE ONLY public.practice_shop_gcashpayment
    ADD CONSTRAINT practice_shop_gcashpayment_pkey PRIMARY KEY (id);


--
-- Name: practice_shop_mayapayment practice_shop_mayapayment_order_id_key; Type: CONSTRAINT; Schema: public; Owner: postgres
--

ALTER TABLE ONLY public.practice_shop_mayapayment
    ADD CONSTRAINT practice_shop_mayapayment_order_id_key UNIQUE (order_id);


--
-- Name: practice_shop_mayapayment practice_shop_mayapayment_pkey; Type: CONSTRAINT; Schema: public; Owner: postgres
--

ALTER TABLE ONLY public.practice_shop_mayapayment
    ADD CONSTRAINT practice_shop_mayapayment_pkey PRIMARY KEY (id);


--
-- Name: practice_shop_order practice_shop_order_display_id_key; Type: CONSTRAINT; Schema: public; Owner: postgres
--

ALTER TABLE ONLY public.practice_shop_order
    ADD CONSTRAINT practice_shop_order_display_id_key UNIQUE (display_id);


--
-- Name: practice_shop_order practice_shop_order_pkey; Type: CONSTRAINT; Schema: public; Owner: postgres
--

ALTER TABLE ONLY public.practice_shop_order
    ADD CONSTRAINT practice_shop_order_pkey PRIMARY KEY (id);


--
-- Name: practice_shop_orderitem practice_shop_orderitem_pkey; Type: CONSTRAINT; Schema: public; Owner: postgres
--

ALTER TABLE ONLY public.practice_shop_orderitem
    ADD CONSTRAINT practice_shop_orderitem_pkey PRIMARY KEY (id);


--
-- Name: practice_shop_paypalpayment practice_shop_paypalpayment_order_id_key; Type: CONSTRAINT; Schema: public; Owner: postgres
--

ALTER TABLE ONLY public.practice_shop_paypalpayment
    ADD CONSTRAINT practice_shop_paypalpayment_order_id_key UNIQUE (order_id);


--
-- Name: practice_shop_paypalpayment practice_shop_paypalpayment_pkey; Type: CONSTRAINT; Schema: public; Owner: postgres
--

ALTER TABLE ONLY public.practice_shop_paypalpayment
    ADD CONSTRAINT practice_shop_paypalpayment_pkey PRIMARY KEY (id);


--
-- Name: practice_shop_product practice_shop_product_display_id_key; Type: CONSTRAINT; Schema: public; Owner: postgres
--

ALTER TABLE ONLY public.practice_shop_product
    ADD CONSTRAINT practice_shop_product_display_id_key UNIQUE (display_id);


--
-- Name: practice_shop_product practice_shop_product_pkey; Type: CONSTRAINT; Schema: public; Owner: postgres
--

ALTER TABLE ONLY public.practice_shop_product
    ADD CONSTRAINT practice_shop_product_pkey PRIMARY KEY (id);


--
-- Name: shop_admin_shopadminaccount shop_admin_shopadminaccount_display_id_key; Type: CONSTRAINT; Schema: public; Owner: postgres
--

ALTER TABLE ONLY public.shop_admin_shopadminaccount
    ADD CONSTRAINT shop_admin_shopadminaccount_display_id_key UNIQUE (display_id);


--
-- Name: shop_admin_shopadminaccount shop_admin_shopadminaccount_email_key; Type: CONSTRAINT; Schema: public; Owner: postgres
--

ALTER TABLE ONLY public.shop_admin_shopadminaccount
    ADD CONSTRAINT shop_admin_shopadminaccount_email_key UNIQUE (email);


--
-- Name: shop_admin_shopadminaccount shop_admin_shopadminaccount_pkey; Type: CONSTRAINT; Schema: public; Owner: postgres
--

ALTER TABLE ONLY public.shop_admin_shopadminaccount
    ADD CONSTRAINT shop_admin_shopadminaccount_pkey PRIMARY KEY (id);


--
-- Name: shop_admin_shopadminaccount shop_admin_shopadminaccount_username_key; Type: CONSTRAINT; Schema: public; Owner: postgres
--

ALTER TABLE ONLY public.shop_admin_shopadminaccount
    ADD CONSTRAINT shop_admin_shopadminaccount_username_key UNIQUE (username);


--
-- Name: shop_images_heroimage shop_images_heroimage_pkey; Type: CONSTRAINT; Schema: public; Owner: postgres
--

ALTER TABLE ONLY public.shop_images_heroimage
    ADD CONSTRAINT shop_images_heroimage_pkey PRIMARY KEY (id);


--
-- Name: auth_group_name_a6ea08ec_like; Type: INDEX; Schema: public; Owner: postgres
--

CREATE INDEX auth_group_name_a6ea08ec_like ON public.auth_group USING btree (name varchar_pattern_ops);


--
-- Name: auth_group_permissions_group_id_b120cbf9; Type: INDEX; Schema: public; Owner: postgres
--

CREATE INDEX auth_group_permissions_group_id_b120cbf9 ON public.auth_group_permissions USING btree (group_id);


--
-- Name: auth_group_permissions_permission_id_84c5c92e; Type: INDEX; Schema: public; Owner: postgres
--

CREATE INDEX auth_group_permissions_permission_id_84c5c92e ON public.auth_group_permissions USING btree (permission_id);


--
-- Name: auth_permission_content_type_id_2f476e4b; Type: INDEX; Schema: public; Owner: postgres
--

CREATE INDEX auth_permission_content_type_id_2f476e4b ON public.auth_permission USING btree (content_type_id);


--
-- Name: auth_user_groups_group_id_97559544; Type: INDEX; Schema: public; Owner: postgres
--

CREATE INDEX auth_user_groups_group_id_97559544 ON public.auth_user_groups USING btree (group_id);


--
-- Name: auth_user_groups_user_id_6a12ed8b; Type: INDEX; Schema: public; Owner: postgres
--

CREATE INDEX auth_user_groups_user_id_6a12ed8b ON public.auth_user_groups USING btree (user_id);


--
-- Name: auth_user_user_permissions_permission_id_1fbb5f2c; Type: INDEX; Schema: public; Owner: postgres
--

CREATE INDEX auth_user_user_permissions_permission_id_1fbb5f2c ON public.auth_user_user_permissions USING btree (permission_id);


--
-- Name: auth_user_user_permissions_user_id_a95ead1b; Type: INDEX; Schema: public; Owner: postgres
--

CREATE INDEX auth_user_user_permissions_user_id_a95ead1b ON public.auth_user_user_permissions USING btree (user_id);


--
-- Name: auth_user_username_6821ab7c_like; Type: INDEX; Schema: public; Owner: postgres
--

CREATE INDEX auth_user_username_6821ab7c_like ON public.auth_user USING btree (username varchar_pattern_ops);


--
-- Name: authtoken_token_key_10f0b77e_like; Type: INDEX; Schema: public; Owner: postgres
--

CREATE INDEX authtoken_token_key_10f0b77e_like ON public.authtoken_token USING btree (key varchar_pattern_ops);


--
-- Name: django_admin_log_content_type_id_c4bce8eb; Type: INDEX; Schema: public; Owner: postgres
--

CREATE INDEX django_admin_log_content_type_id_c4bce8eb ON public.django_admin_log USING btree (content_type_id);


--
-- Name: django_admin_log_user_id_c564eba6; Type: INDEX; Schema: public; Owner: postgres
--

CREATE INDEX django_admin_log_user_id_c564eba6 ON public.django_admin_log USING btree (user_id);


--
-- Name: django_session_expire_date_a5c62663; Type: INDEX; Schema: public; Owner: postgres
--

CREATE INDEX django_session_expire_date_a5c62663 ON public.django_session USING btree (expire_date);


--
-- Name: django_session_session_key_c0390e0f_like; Type: INDEX; Schema: public; Owner: postgres
--

CREATE INDEX django_session_session_key_c0390e0f_like ON public.django_session USING btree (session_key varchar_pattern_ops);


--
-- Name: practice_shop_orderitem_order_id_998b8e25; Type: INDEX; Schema: public; Owner: postgres
--

CREATE INDEX practice_shop_orderitem_order_id_998b8e25 ON public.practice_shop_orderitem USING btree (order_id);


--
-- Name: practice_shop_orderitem_product_id_00fbeaf3; Type: INDEX; Schema: public; Owner: postgres
--

CREATE INDEX practice_shop_orderitem_product_id_00fbeaf3 ON public.practice_shop_orderitem USING btree (product_id);


--
-- Name: practice_shop_product_category_id_1e0bdc5a; Type: INDEX; Schema: public; Owner: postgres
--

CREATE INDEX practice_shop_product_category_id_1e0bdc5a ON public.practice_shop_product USING btree (category_id);


--
-- Name: shop_admin_shopadminaccount_email_e27fe601_like; Type: INDEX; Schema: public; Owner: postgres
--

CREATE INDEX shop_admin_shopadminaccount_email_e27fe601_like ON public.shop_admin_shopadminaccount USING btree (email varchar_pattern_ops);


--
-- Name: shop_admin_shopadminaccount_username_02f6f083_like; Type: INDEX; Schema: public; Owner: postgres
--

CREATE INDEX shop_admin_shopadminaccount_username_02f6f083_like ON public.shop_admin_shopadminaccount USING btree (username varchar_pattern_ops);


--
-- Name: auth_group_permissions auth_group_permissio_permission_id_84c5c92e_fk_auth_perm; Type: FK CONSTRAINT; Schema: public; Owner: postgres
--

ALTER TABLE ONLY public.auth_group_permissions
    ADD CONSTRAINT auth_group_permissio_permission_id_84c5c92e_fk_auth_perm FOREIGN KEY (permission_id) REFERENCES public.auth_permission(id) DEFERRABLE INITIALLY DEFERRED;


--
-- Name: auth_group_permissions auth_group_permissions_group_id_b120cbf9_fk_auth_group_id; Type: FK CONSTRAINT; Schema: public; Owner: postgres
--

ALTER TABLE ONLY public.auth_group_permissions
    ADD CONSTRAINT auth_group_permissions_group_id_b120cbf9_fk_auth_group_id FOREIGN KEY (group_id) REFERENCES public.auth_group(id) DEFERRABLE INITIALLY DEFERRED;


--
-- Name: auth_permission auth_permission_content_type_id_2f476e4b_fk_django_co; Type: FK CONSTRAINT; Schema: public; Owner: postgres
--

ALTER TABLE ONLY public.auth_permission
    ADD CONSTRAINT auth_permission_content_type_id_2f476e4b_fk_django_co FOREIGN KEY (content_type_id) REFERENCES public.django_content_type(id) DEFERRABLE INITIALLY DEFERRED;


--
-- Name: auth_user_groups auth_user_groups_group_id_97559544_fk_auth_group_id; Type: FK CONSTRAINT; Schema: public; Owner: postgres
--

ALTER TABLE ONLY public.auth_user_groups
    ADD CONSTRAINT auth_user_groups_group_id_97559544_fk_auth_group_id FOREIGN KEY (group_id) REFERENCES public.auth_group(id) DEFERRABLE INITIALLY DEFERRED;


--
-- Name: auth_user_groups auth_user_groups_user_id_6a12ed8b_fk_auth_user_id; Type: FK CONSTRAINT; Schema: public; Owner: postgres
--

ALTER TABLE ONLY public.auth_user_groups
    ADD CONSTRAINT auth_user_groups_user_id_6a12ed8b_fk_auth_user_id FOREIGN KEY (user_id) REFERENCES public.auth_user(id) DEFERRABLE INITIALLY DEFERRED;


--
-- Name: auth_user_user_permissions auth_user_user_permi_permission_id_1fbb5f2c_fk_auth_perm; Type: FK CONSTRAINT; Schema: public; Owner: postgres
--

ALTER TABLE ONLY public.auth_user_user_permissions
    ADD CONSTRAINT auth_user_user_permi_permission_id_1fbb5f2c_fk_auth_perm FOREIGN KEY (permission_id) REFERENCES public.auth_permission(id) DEFERRABLE INITIALLY DEFERRED;


--
-- Name: auth_user_user_permissions auth_user_user_permissions_user_id_a95ead1b_fk_auth_user_id; Type: FK CONSTRAINT; Schema: public; Owner: postgres
--

ALTER TABLE ONLY public.auth_user_user_permissions
    ADD CONSTRAINT auth_user_user_permissions_user_id_a95ead1b_fk_auth_user_id FOREIGN KEY (user_id) REFERENCES public.auth_user(id) DEFERRABLE INITIALLY DEFERRED;


--
-- Name: authtoken_token authtoken_token_user_id_35299eff_fk_auth_user_id; Type: FK CONSTRAINT; Schema: public; Owner: postgres
--

ALTER TABLE ONLY public.authtoken_token
    ADD CONSTRAINT authtoken_token_user_id_35299eff_fk_auth_user_id FOREIGN KEY (user_id) REFERENCES public.auth_user(id) DEFERRABLE INITIALLY DEFERRED;


--
-- Name: django_admin_log django_admin_log_content_type_id_c4bce8eb_fk_django_co; Type: FK CONSTRAINT; Schema: public; Owner: postgres
--

ALTER TABLE ONLY public.django_admin_log
    ADD CONSTRAINT django_admin_log_content_type_id_c4bce8eb_fk_django_co FOREIGN KEY (content_type_id) REFERENCES public.django_content_type(id) DEFERRABLE INITIALLY DEFERRED;


--
-- Name: django_admin_log django_admin_log_user_id_c564eba6_fk_auth_user_id; Type: FK CONSTRAINT; Schema: public; Owner: postgres
--

ALTER TABLE ONLY public.django_admin_log
    ADD CONSTRAINT django_admin_log_user_id_c564eba6_fk_auth_user_id FOREIGN KEY (user_id) REFERENCES public.auth_user(id) DEFERRABLE INITIALLY DEFERRED;


--
-- Name: practice_shop_banktransferpayment practice_shop_banktr_order_id_c2f34943_fk_practice_; Type: FK CONSTRAINT; Schema: public; Owner: postgres
--

ALTER TABLE ONLY public.practice_shop_banktransferpayment
    ADD CONSTRAINT practice_shop_banktr_order_id_c2f34943_fk_practice_ FOREIGN KEY (order_id) REFERENCES public.practice_shop_order(id) DEFERRABLE INITIALLY DEFERRED;


--
-- Name: practice_shop_creditcardpayment practice_shop_credit_order_id_be174696_fk_practice_; Type: FK CONSTRAINT; Schema: public; Owner: postgres
--

ALTER TABLE ONLY public.practice_shop_creditcardpayment
    ADD CONSTRAINT practice_shop_credit_order_id_be174696_fk_practice_ FOREIGN KEY (order_id) REFERENCES public.practice_shop_order(id) DEFERRABLE INITIALLY DEFERRED;


--
-- Name: practice_shop_gcashpayment practice_shop_gcashp_order_id_8129bb67_fk_practice_; Type: FK CONSTRAINT; Schema: public; Owner: postgres
--

ALTER TABLE ONLY public.practice_shop_gcashpayment
    ADD CONSTRAINT practice_shop_gcashp_order_id_8129bb67_fk_practice_ FOREIGN KEY (order_id) REFERENCES public.practice_shop_order(id) DEFERRABLE INITIALLY DEFERRED;


--
-- Name: practice_shop_mayapayment practice_shop_mayapa_order_id_27f0885d_fk_practice_; Type: FK CONSTRAINT; Schema: public; Owner: postgres
--

ALTER TABLE ONLY public.practice_shop_mayapayment
    ADD CONSTRAINT practice_shop_mayapa_order_id_27f0885d_fk_practice_ FOREIGN KEY (order_id) REFERENCES public.practice_shop_order(id) DEFERRABLE INITIALLY DEFERRED;


--
-- Name: practice_shop_orderitem practice_shop_orderi_order_id_998b8e25_fk_practice_; Type: FK CONSTRAINT; Schema: public; Owner: postgres
--

ALTER TABLE ONLY public.practice_shop_orderitem
    ADD CONSTRAINT practice_shop_orderi_order_id_998b8e25_fk_practice_ FOREIGN KEY (order_id) REFERENCES public.practice_shop_order(id) DEFERRABLE INITIALLY DEFERRED;


--
-- Name: practice_shop_orderitem practice_shop_orderi_product_id_00fbeaf3_fk_practice_; Type: FK CONSTRAINT; Schema: public; Owner: postgres
--

ALTER TABLE ONLY public.practice_shop_orderitem
    ADD CONSTRAINT practice_shop_orderi_product_id_00fbeaf3_fk_practice_ FOREIGN KEY (product_id) REFERENCES public.practice_shop_product(id) DEFERRABLE INITIALLY DEFERRED;


--
-- Name: practice_shop_paypalpayment practice_shop_paypal_order_id_3d51a9e6_fk_practice_; Type: FK CONSTRAINT; Schema: public; Owner: postgres
--

ALTER TABLE ONLY public.practice_shop_paypalpayment
    ADD CONSTRAINT practice_shop_paypal_order_id_3d51a9e6_fk_practice_ FOREIGN KEY (order_id) REFERENCES public.practice_shop_order(id) DEFERRABLE INITIALLY DEFERRED;


--
-- Name: practice_shop_product practice_shop_produc_category_id_1e0bdc5a_fk_practice_; Type: FK CONSTRAINT; Schema: public; Owner: postgres
--

ALTER TABLE ONLY public.practice_shop_product
    ADD CONSTRAINT practice_shop_produc_category_id_1e0bdc5a_fk_practice_ FOREIGN KEY (category_id) REFERENCES public.practice_shop_category(id) DEFERRABLE INITIALLY DEFERRED;


--
-- PostgreSQL database dump complete
--

